"","vfinx","veurx","veiex","vbltx","vbisx","vpacx"
"vfinx",0.00119627710483097,0.00144629699538231,0.00133789234021803,-0.000208232270994572,-9.76442730569393e-06,0.0010583827169291
"veurx",0.00144629699538231,0.00259874564505112,0.0020750490910155,-0.000201058346960058,2.4219261563599e-05,0.00165718104994429
"veiex",0.00133789234021803,0.0020750490910155,0.00266101132081097,-7.12652689024975e-05,3.63562047756042e-05,0.00170453094405498
"vbltx",-0.000208232270994572,-0.000201058346960058,-7.12652689024975e-05,0.000602802040813357,6.81171997086326e-05,-0.000102581583252431
"vbisx",-9.76442730569393e-06,2.4219261563599e-05,3.63562047756042e-05,6.81171997086326e-05,1.72215713903737e-05,1.8738548763862e-05
"vpacx",0.0010583827169291,0.00165718104994429,0.00170453094405498,-0.000102581583252431,1.8738548763862e-05,0.00158990467007017
